﻿<?xml version="1.0" encoding="utf-8"?>
<Root>
  <FsmObjectList>
    <State Name="[IDLE]" Type="状态" ID="0" StateName="IDLE" Location="{X=1,Y=1}" />
    <State Name="[Q_DOWN]" Type="状态" ID="1" StateName="Q_DOWN" Location="{X=4,Y=1}" />
    <State Name="[QE_DOWN]" Type="状态" ID="2" StateName="QE_DOWN" Location="{X=4,Y=4}" />
    <Trans Name="Q_DOWN : IDLE -&gt; Q_DOWN (IDLE_TO_Q)" Type="转换" ID="4" Begin="IDLE" End="Q_DOWN" Event="Q_DOWN" Function="IDLE_TO_Q" StartAngle="70" EndAngle="-70" />
    <Trans Name="E_DOWN : Q_DOWN -&gt; QE_DOWN (Q_TO_QE)" Type="转换" ID="5" Begin="Q_DOWN" End="QE_DOWN" Event="E_DOWN" Function="Q_TO_QE" StartAngle="215" EndAngle="-35" />
    <Trans Name="Q_UP : QE_DOWN -&gt; IDLE (QE_TO_IDLE)" Type="转换" ID="6" Begin="QE_DOWN" End="IDLE" Event="Q_UP" Function="QE_TO_IDLE" StartAngle="-45" EndAngle="135" />
    <Trans Name="test : IDLE -&gt; IDLE ()" Type="转换" ID="8" Begin="IDLE" End="IDLE" Event="test" Function="" StartAngle="30" EndAngle="0" />
    <Trans Name="E_UP : QE_DOWN -&gt; Q_DOWN (QE_TO_Q)" Type="转换" ID="9" Begin="QE_DOWN" End="Q_DOWN" Event="E_UP" Function="QE_TO_Q" StartAngle="35" EndAngle="145" />
    <Trans Name="Q_UP : Q_DOWN -&gt; IDLE (Q_TO_IDLE)" Type="转换" ID="10" Begin="Q_DOWN" End="IDLE" Event="Q_UP" Function="Q_TO_IDLE" StartAngle="-110" EndAngle="110" />
  </FsmObjectList>
  <FsmProperty Name="QandE" IdleState="IDLE" />
</Root>